date_day,year_num,quarter_num,month_num,month_name,month_start_date,week_of_year,day_of_week_num,day_of_week_name,is_weekend
2026-01-01,2026,1,1,January,2026-01-01,1,4,Thursday,False
2026-01-02,2026,1,1,January,2026-01-01,1,5,Friday,False
2026-01-03,2026,1,1,January,2026-01-01,1,6,Saturday,True
2026-01-04,2026,1,1,January,2026-01-01,1,7,Sunday,True
2026-01-05,2026,1,1,January,2026-01-01,2,1,Monday,False
2026-01-06,2026,1,1,January,2026-01-01,2,2,Tuesday,False
2026-01-07,2026,1,1,January,2026-01-01,2,3,Wednesday,False
2026-01-08,2026,1,1,January,2026-01-01,2,4,Thursday,False
2026-01-09,2026,1,1,January,2026-01-01,2,5,Friday,False
2026-01-10,2026,1,1,January,2026-01-01,2,6,Saturday,True
2026-01-11,2026,1,1,January,2026-01-01,2,7,Sunday,True
2026-01-12,2026,1,1,January,2026-01-01,3,1,Monday,False
2026-01-13,2026,1,1,January,2026-01-01,3,2,Tuesday,False
2026-01-14,2026,1,1,January,2026-01-01,3,3,Wednesday,False
2026-01-15,2026,1,1,January,2026-01-01,3,4,Thursday,False
2026-01-16,2026,1,1,January,2026-01-01,3,5,Friday,False
2026-01-17,2026,1,1,January,2026-01-01,3,6,Saturday,True
2026-01-18,2026,1,1,January,2026-01-01,3,7,Sunday,True
2026-01-19,2026,1,1,January,2026-01-01,4,1,Monday,False
2026-01-20,2026,1,1,January,2026-01-01,4,2,Tuesday,False
2026-01-21,2026,1,1,January,2026-01-01,4,3,Wednesday,False
2026-01-22,2026,1,1,January,2026-01-01,4,4,Thursday,False
2026-01-23,2026,1,1,January,2026-01-01,4,5,Friday,False
2026-01-24,2026,1,1,January,2026-01-01,4,6,Saturday,True
2026-01-25,2026,1,1,January,2026-01-01,4,7,Sunday,True
2026-01-26,2026,1,1,January,2026-01-01,5,1,Monday,False
2026-01-27,2026,1,1,January,2026-01-01,5,2,Tuesday,False
2026-01-28,2026,1,1,January,2026-01-01,5,3,Wednesday,False
2026-01-29,2026,1,1,January,2026-01-01,5,4,Thursday,False
2026-01-30,2026,1,1,January,2026-01-01,5,5,Friday,False
2026-01-31,2026,1,1,January,2026-01-01,5,6,Saturday,True
2026-02-01,2026,1,2,February,2026-02-01,5,7,Sunday,True
2026-02-02,2026,1,2,February,2026-02-01,6,1,Monday,False
2026-02-03,2026,1,2,February,2026-02-01,6,2,Tuesday,False
2026-02-04,2026,1,2,February,2026-02-01,6,3,Wednesday,False
2026-02-05,2026,1,2,February,2026-02-01,6,4,Thursday,False
2026-02-06,2026,1,2,February,2026-02-01,6,5,Friday,False
2026-02-07,2026,1,2,February,2026-02-01,6,6,Saturday,True
2026-02-08,2026,1,2,February,2026-02-01,6,7,Sunday,True
2026-02-09,2026,1,2,February,2026-02-01,7,1,Monday,False
2026-02-10,2026,1,2,February,2026-02-01,7,2,Tuesday,False
2026-02-11,2026,1,2,February,2026-02-01,7,3,Wednesday,False
2026-02-12,2026,1,2,February,2026-02-01,7,4,Thursday,False
2026-02-13,2026,1,2,February,2026-02-01,7,5,Friday,False
2026-02-14,2026,1,2,February,2026-02-01,7,6,Saturday,True
2026-02-15,2026,1,2,February,2026-02-01,7,7,Sunday,True
2026-02-16,2026,1,2,February,2026-02-01,8,1,Monday,False
2026-02-17,2026,1,2,February,2026-02-01,8,2,Tuesday,False
2026-02-18,2026,1,2,February,2026-02-01,8,3,Wednesday,False
2026-02-19,2026,1,2,February,2026-02-01,8,4,Thursday,False
2026-02-20,2026,1,2,February,2026-02-01,8,5,Friday,False
2026-02-21,2026,1,2,February,2026-02-01,8,6,Saturday,True
2026-02-22,2026,1,2,February,2026-02-01,8,7,Sunday,True
2026-02-23,2026,1,2,February,2026-02-01,9,1,Monday,False
2026-02-24,2026,1,2,February,2026-02-01,9,2,Tuesday,False
2026-02-25,2026,1,2,February,2026-02-01,9,3,Wednesday,False
2026-02-26,2026,1,2,February,2026-02-01,9,4,Thursday,False
2026-02-27,2026,1,2,February,2026-02-01,9,5,Friday,False
2026-02-28,2026,1,2,February,2026-02-01,9,6,Saturday,True
2026-03-01,2026,1,3,March,2026-03-01,9,7,Sunday,True
2026-03-02,2026,1,3,March,2026-03-01,10,1,Monday,False
2026-03-03,2026,1,3,March,2026-03-01,10,2,Tuesday,False
2026-03-04,2026,1,3,March,2026-03-01,10,3,Wednesday,False
2026-03-05,2026,1,3,March,2026-03-01,10,4,Thursday,False
2026-03-06,2026,1,3,March,2026-03-01,10,5,Friday,False
2026-03-07,2026,1,3,March,2026-03-01,10,6,Saturday,True
2026-03-08,2026,1,3,March,2026-03-01,10,7,Sunday,True
2026-03-09,2026,1,3,March,2026-03-01,11,1,Monday,False
2026-03-10,2026,1,3,March,2026-03-01,11,2,Tuesday,False
2026-03-11,2026,1,3,March,2026-03-01,11,3,Wednesday,False
2026-03-12,2026,1,3,March,2026-03-01,11,4,Thursday,False
2026-03-13,2026,1,3,March,2026-03-01,11,5,Friday,False
2026-03-14,2026,1,3,March,2026-03-01,11,6,Saturday,True
2026-03-15,2026,1,3,March,2026-03-01,11,7,Sunday,True
2026-03-16,2026,1,3,March,2026-03-01,12,1,Monday,False
2026-03-17,2026,1,3,March,2026-03-01,12,2,Tuesday,False
2026-03-18,2026,1,3,March,2026-03-01,12,3,Wednesday,False
2026-03-19,2026,1,3,March,2026-03-01,12,4,Thursday,False
2026-03-20,2026,1,3,March,2026-03-01,12,5,Friday,False
2026-03-21,2026,1,3,March,2026-03-01,12,6,Saturday,True
2026-03-22,2026,1,3,March,2026-03-01,12,7,Sunday,True
2026-03-23,2026,1,3,March,2026-03-01,13,1,Monday,False
2026-03-24,2026,1,3,March,2026-03-01,13,2,Tuesday,False
2026-03-25,2026,1,3,March,2026-03-01,13,3,Wednesday,False
2026-03-26,2026,1,3,March,2026-03-01,13,4,Thursday,False
2026-03-27,2026,1,3,March,2026-03-01,13,5,Friday,False
2026-03-28,2026,1,3,March,2026-03-01,13,6,Saturday,True
2026-03-29,2026,1,3,March,2026-03-01,13,7,Sunday,True
2026-03-30,2026,1,3,March,2026-03-01,14,1,Monday,False
2026-03-31,2026,1,3,March,2026-03-01,14,2,Tuesday,False
2026-04-01,2026,2,4,April,2026-04-01,14,3,Wednesday,False
2026-04-02,2026,2,4,April,2026-04-01,14,4,Thursday,False
2026-04-03,2026,2,4,April,2026-04-01,14,5,Friday,False
2026-04-04,2026,2,4,April,2026-04-01,14,6,Saturday,True
2026-04-05,2026,2,4,April,2026-04-01,14,7,Sunday,True
2026-04-06,2026,2,4,April,2026-04-01,15,1,Monday,False
2026-04-07,2026,2,4,April,2026-04-01,15,2,Tuesday,False
2026-04-08,2026,2,4,April,2026-04-01,15,3,Wednesday,False
2026-04-09,2026,2,4,April,2026-04-01,15,4,Thursday,False
2026-04-10,2026,2,4,April,2026-04-01,15,5,Friday,False
2026-04-11,2026,2,4,April,2026-04-01,15,6,Saturday,True
2026-04-12,2026,2,4,April,2026-04-01,15,7,Sunday,True
2026-04-13,2026,2,4,April,2026-04-01,16,1,Monday,False
2026-04-14,2026,2,4,April,2026-04-01,16,2,Tuesday,False
2026-04-15,2026,2,4,April,2026-04-01,16,3,Wednesday,False
2026-04-16,2026,2,4,April,2026-04-01,16,4,Thursday,False
2026-04-17,2026,2,4,April,2026-04-01,16,5,Friday,False
2026-04-18,2026,2,4,April,2026-04-01,16,6,Saturday,True
2026-04-19,2026,2,4,April,2026-04-01,16,7,Sunday,True
2026-04-20,2026,2,4,April,2026-04-01,17,1,Monday,False
2026-04-21,2026,2,4,April,2026-04-01,17,2,Tuesday,False
2026-04-22,2026,2,4,April,2026-04-01,17,3,Wednesday,False
2026-04-23,2026,2,4,April,2026-04-01,17,4,Thursday,False
2026-04-24,2026,2,4,April,2026-04-01,17,5,Friday,False
2026-04-25,2026,2,4,April,2026-04-01,17,6,Saturday,True
2026-04-26,2026,2,4,April,2026-04-01,17,7,Sunday,True
2026-04-27,2026,2,4,April,2026-04-01,18,1,Monday,False
2026-04-28,2026,2,4,April,2026-04-01,18,2,Tuesday,False
2026-04-29,2026,2,4,April,2026-04-01,18,3,Wednesday,False
2026-04-30,2026,2,4,April,2026-04-01,18,4,Thursday,False
2026-05-01,2026,2,5,May,2026-05-01,18,5,Friday,False
2026-05-02,2026,2,5,May,2026-05-01,18,6,Saturday,True
2026-05-03,2026,2,5,May,2026-05-01,18,7,Sunday,True
2026-05-04,2026,2,5,May,2026-05-01,19,1,Monday,False
2026-05-05,2026,2,5,May,2026-05-01,19,2,Tuesday,False
2026-05-06,2026,2,5,May,2026-05-01,19,3,Wednesday,False
2026-05-07,2026,2,5,May,2026-05-01,19,4,Thursday,False
2026-05-08,2026,2,5,May,2026-05-01,19,5,Friday,False
2026-05-09,2026,2,5,May,2026-05-01,19,6,Saturday,True
2026-05-10,2026,2,5,May,2026-05-01,19,7,Sunday,True
2026-05-11,2026,2,5,May,2026-05-01,20,1,Monday,False
2026-05-12,2026,2,5,May,2026-05-01,20,2,Tuesday,False
2026-05-13,2026,2,5,May,2026-05-01,20,3,Wednesday,False
2026-05-14,2026,2,5,May,2026-05-01,20,4,Thursday,False
2026-05-15,2026,2,5,May,2026-05-01,20,5,Friday,False
2026-05-16,2026,2,5,May,2026-05-01,20,6,Saturday,True
2026-05-17,2026,2,5,May,2026-05-01,20,7,Sunday,True
2026-05-18,2026,2,5,May,2026-05-01,21,1,Monday,False
2026-05-19,2026,2,5,May,2026-05-01,21,2,Tuesday,False
2026-05-20,2026,2,5,May,2026-05-01,21,3,Wednesday,False
2026-05-21,2026,2,5,May,2026-05-01,21,4,Thursday,False
2026-05-22,2026,2,5,May,2026-05-01,21,5,Friday,False
2026-05-23,2026,2,5,May,2026-05-01,21,6,Saturday,True
2026-05-24,2026,2,5,May,2026-05-01,21,7,Sunday,True
2026-05-25,2026,2,5,May,2026-05-01,22,1,Monday,False
2026-05-26,2026,2,5,May,2026-05-01,22,2,Tuesday,False
2026-05-27,2026,2,5,May,2026-05-01,22,3,Wednesday,False
2026-05-28,2026,2,5,May,2026-05-01,22,4,Thursday,False
2026-05-29,2026,2,5,May,2026-05-01,22,5,Friday,False
2026-05-30,2026,2,5,May,2026-05-01,22,6,Saturday,True
2026-05-31,2026,2,5,May,2026-05-01,22,7,Sunday,True
2026-06-01,2026,2,6,June,2026-06-01,23,1,Monday,False
2026-06-02,2026,2,6,June,2026-06-01,23,2,Tuesday,False
2026-06-03,2026,2,6,June,2026-06-01,23,3,Wednesday,False
2026-06-04,2026,2,6,June,2026-06-01,23,4,Thursday,False
2026-06-05,2026,2,6,June,2026-06-01,23,5,Friday,False
2026-06-06,2026,2,6,June,2026-06-01,23,6,Saturday,True
2026-06-07,2026,2,6,June,2026-06-01,23,7,Sunday,True
2026-06-08,2026,2,6,June,2026-06-01,24,1,Monday,False
2026-06-09,2026,2,6,June,2026-06-01,24,2,Tuesday,False
2026-06-10,2026,2,6,June,2026-06-01,24,3,Wednesday,False
2026-06-11,2026,2,6,June,2026-06-01,24,4,Thursday,False
2026-06-12,2026,2,6,June,2026-06-01,24,5,Friday,False
2026-06-13,2026,2,6,June,2026-06-01,24,6,Saturday,True
2026-06-14,2026,2,6,June,2026-06-01,24,7,Sunday,True
2026-06-15,2026,2,6,June,2026-06-01,25,1,Monday,False
2026-06-16,2026,2,6,June,2026-06-01,25,2,Tuesday,False
2026-06-17,2026,2,6,June,2026-06-01,25,3,Wednesday,False
2026-06-18,2026,2,6,June,2026-06-01,25,4,Thursday,False
2026-06-19,2026,2,6,June,2026-06-01,25,5,Friday,False
2026-06-20,2026,2,6,June,2026-06-01,25,6,Saturday,True
2026-06-21,2026,2,6,June,2026-06-01,25,7,Sunday,True
2026-06-22,2026,2,6,June,2026-06-01,26,1,Monday,False
2026-06-23,2026,2,6,June,2026-06-01,26,2,Tuesday,False
2026-06-24,2026,2,6,June,2026-06-01,26,3,Wednesday,False
2026-06-25,2026,2,6,June,2026-06-01,26,4,Thursday,False
2026-06-26,2026,2,6,June,2026-06-01,26,5,Friday,False
2026-06-27,2026,2,6,June,2026-06-01,26,6,Saturday,True
2026-06-28,2026,2,6,June,2026-06-01,26,7,Sunday,True
2026-06-29,2026,2,6,June,2026-06-01,27,1,Monday,False
2026-06-30,2026,2,6,June,2026-06-01,27,2,Tuesday,False
2026-07-01,2026,3,7,July,2026-07-01,27,3,Wednesday,False
2026-07-02,2026,3,7,July,2026-07-01,27,4,Thursday,False
2026-07-03,2026,3,7,July,2026-07-01,27,5,Friday,False
2026-07-04,2026,3,7,July,2026-07-01,27,6,Saturday,True
2026-07-05,2026,3,7,July,2026-07-01,27,7,Sunday,True
2026-07-06,2026,3,7,July,2026-07-01,28,1,Monday,False
2026-07-07,2026,3,7,July,2026-07-01,28,2,Tuesday,False
2026-07-08,2026,3,7,July,2026-07-01,28,3,Wednesday,False
2026-07-09,2026,3,7,July,2026-07-01,28,4,Thursday,False
2026-07-10,2026,3,7,July,2026-07-01,28,5,Friday,False
2026-07-11,2026,3,7,July,2026-07-01,28,6,Saturday,True
2026-07-12,2026,3,7,July,2026-07-01,28,7,Sunday,True
2026-07-13,2026,3,7,July,2026-07-01,29,1,Monday,False
2026-07-14,2026,3,7,July,2026-07-01,29,2,Tuesday,False
2026-07-15,2026,3,7,July,2026-07-01,29,3,Wednesday,False
2026-07-16,2026,3,7,July,2026-07-01,29,4,Thursday,False
2026-07-17,2026,3,7,July,2026-07-01,29,5,Friday,False
2026-07-18,2026,3,7,July,2026-07-01,29,6,Saturday,True
2026-07-19,2026,3,7,July,2026-07-01,29,7,Sunday,True
2026-07-20,2026,3,7,July,2026-07-01,30,1,Monday,False
2026-07-21,2026,3,7,July,2026-07-01,30,2,Tuesday,False
2026-07-22,2026,3,7,July,2026-07-01,30,3,Wednesday,False
2026-07-23,2026,3,7,July,2026-07-01,30,4,Thursday,False
2026-07-24,2026,3,7,July,2026-07-01,30,5,Friday,False
2026-07-25,2026,3,7,July,2026-07-01,30,6,Saturday,True
2026-07-26,2026,3,7,July,2026-07-01,30,7,Sunday,True
2026-07-27,2026,3,7,July,2026-07-01,31,1,Monday,False
2026-07-28,2026,3,7,July,2026-07-01,31,2,Tuesday,False
2026-07-29,2026,3,7,July,2026-07-01,31,3,Wednesday,False
2026-07-30,2026,3,7,July,2026-07-01,31,4,Thursday,False
2026-07-31,2026,3,7,July,2026-07-01,31,5,Friday,False
2026-08-01,2026,3,8,August,2026-08-01,31,6,Saturday,True
2026-08-02,2026,3,8,August,2026-08-01,31,7,Sunday,True
2026-08-03,2026,3,8,August,2026-08-01,32,1,Monday,False
2026-08-04,2026,3,8,August,2026-08-01,32,2,Tuesday,False
2026-08-05,2026,3,8,August,2026-08-01,32,3,Wednesday,False
2026-08-06,2026,3,8,August,2026-08-01,32,4,Thursday,False
2026-08-07,2026,3,8,August,2026-08-01,32,5,Friday,False
2026-08-08,2026,3,8,August,2026-08-01,32,6,Saturday,True
2026-08-09,2026,3,8,August,2026-08-01,32,7,Sunday,True
2026-08-10,2026,3,8,August,2026-08-01,33,1,Monday,False
2026-08-11,2026,3,8,August,2026-08-01,33,2,Tuesday,False
2026-08-12,2026,3,8,August,2026-08-01,33,3,Wednesday,False
2026-08-13,2026,3,8,August,2026-08-01,33,4,Thursday,False
2026-08-14,2026,3,8,August,2026-08-01,33,5,Friday,False
2026-08-15,2026,3,8,August,2026-08-01,33,6,Saturday,True
2026-08-16,2026,3,8,August,2026-08-01,33,7,Sunday,True
2026-08-17,2026,3,8,August,2026-08-01,34,1,Monday,False
2026-08-18,2026,3,8,August,2026-08-01,34,2,Tuesday,False
2026-08-19,2026,3,8,August,2026-08-01,34,3,Wednesday,False
2026-08-20,2026,3,8,August,2026-08-01,34,4,Thursday,False
2026-08-21,2026,3,8,August,2026-08-01,34,5,Friday,False
2026-08-22,2026,3,8,August,2026-08-01,34,6,Saturday,True
2026-08-23,2026,3,8,August,2026-08-01,34,7,Sunday,True
2026-08-24,2026,3,8,August,2026-08-01,35,1,Monday,False
2026-08-25,2026,3,8,August,2026-08-01,35,2,Tuesday,False
2026-08-26,2026,3,8,August,2026-08-01,35,3,Wednesday,False
2026-08-27,2026,3,8,August,2026-08-01,35,4,Thursday,False
2026-08-28,2026,3,8,August,2026-08-01,35,5,Friday,False
2026-08-29,2026,3,8,August,2026-08-01,35,6,Saturday,True
2026-08-30,2026,3,8,August,2026-08-01,35,7,Sunday,True
2026-08-31,2026,3,8,August,2026-08-01,36,1,Monday,False
2026-09-01,2026,3,9,September,2026-09-01,36,2,Tuesday,False
2026-09-02,2026,3,9,September,2026-09-01,36,3,Wednesday,False
2026-09-03,2026,3,9,September,2026-09-01,36,4,Thursday,False
2026-09-04,2026,3,9,September,2026-09-01,36,5,Friday,False
2026-09-05,2026,3,9,September,2026-09-01,36,6,Saturday,True
2026-09-06,2026,3,9,September,2026-09-01,36,7,Sunday,True
2026-09-07,2026,3,9,September,2026-09-01,37,1,Monday,False
2026-09-08,2026,3,9,September,2026-09-01,37,2,Tuesday,False
2026-09-09,2026,3,9,September,2026-09-01,37,3,Wednesday,False
2026-09-10,2026,3,9,September,2026-09-01,37,4,Thursday,False
2026-09-11,2026,3,9,September,2026-09-01,37,5,Friday,False
2026-09-12,2026,3,9,September,2026-09-01,37,6,Saturday,True
2026-09-13,2026,3,9,September,2026-09-01,37,7,Sunday,True
2026-09-14,2026,3,9,September,2026-09-01,38,1,Monday,False
2026-09-15,2026,3,9,September,2026-09-01,38,2,Tuesday,False
2026-09-16,2026,3,9,September,2026-09-01,38,3,Wednesday,False
2026-09-17,2026,3,9,September,2026-09-01,38,4,Thursday,False
2026-09-18,2026,3,9,September,2026-09-01,38,5,Friday,False
2026-09-19,2026,3,9,September,2026-09-01,38,6,Saturday,True
2026-09-20,2026,3,9,September,2026-09-01,38,7,Sunday,True
2026-09-21,2026,3,9,September,2026-09-01,39,1,Monday,False
2026-09-22,2026,3,9,September,2026-09-01,39,2,Tuesday,False
2026-09-23,2026,3,9,September,2026-09-01,39,3,Wednesday,False
2026-09-24,2026,3,9,September,2026-09-01,39,4,Thursday,False
2026-09-25,2026,3,9,September,2026-09-01,39,5,Friday,False
2026-09-26,2026,3,9,September,2026-09-01,39,6,Saturday,True
2026-09-27,2026,3,9,September,2026-09-01,39,7,Sunday,True
2026-09-28,2026,3,9,September,2026-09-01,40,1,Monday,False
2026-09-29,2026,3,9,September,2026-09-01,40,2,Tuesday,False
2026-09-30,2026,3,9,September,2026-09-01,40,3,Wednesday,False
2026-10-01,2026,4,10,October,2026-10-01,40,4,Thursday,False
2026-10-02,2026,4,10,October,2026-10-01,40,5,Friday,False
2026-10-03,2026,4,10,October,2026-10-01,40,6,Saturday,True
2026-10-04,2026,4,10,October,2026-10-01,40,7,Sunday,True
2026-10-05,2026,4,10,October,2026-10-01,41,1,Monday,False
2026-10-06,2026,4,10,October,2026-10-01,41,2,Tuesday,False
2026-10-07,2026,4,10,October,2026-10-01,41,3,Wednesday,False
2026-10-08,2026,4,10,October,2026-10-01,41,4,Thursday,False
2026-10-09,2026,4,10,October,2026-10-01,41,5,Friday,False
2026-10-10,2026,4,10,October,2026-10-01,41,6,Saturday,True
2026-10-11,2026,4,10,October,2026-10-01,41,7,Sunday,True
2026-10-12,2026,4,10,October,2026-10-01,42,1,Monday,False
2026-10-13,2026,4,10,October,2026-10-01,42,2,Tuesday,False
2026-10-14,2026,4,10,October,2026-10-01,42,3,Wednesday,False
2026-10-15,2026,4,10,October,2026-10-01,42,4,Thursday,False
2026-10-16,2026,4,10,October,2026-10-01,42,5,Friday,False
2026-10-17,2026,4,10,October,2026-10-01,42,6,Saturday,True
2026-10-18,2026,4,10,October,2026-10-01,42,7,Sunday,True
2026-10-19,2026,4,10,October,2026-10-01,43,1,Monday,False
2026-10-20,2026,4,10,October,2026-10-01,43,2,Tuesday,False
2026-10-21,2026,4,10,October,2026-10-01,43,3,Wednesday,False
2026-10-22,2026,4,10,October,2026-10-01,43,4,Thursday,False
2026-10-23,2026,4,10,October,2026-10-01,43,5,Friday,False
2026-10-24,2026,4,10,October,2026-10-01,43,6,Saturday,True
2026-10-25,2026,4,10,October,2026-10-01,43,7,Sunday,True
2026-10-26,2026,4,10,October,2026-10-01,44,1,Monday,False
2026-10-27,2026,4,10,October,2026-10-01,44,2,Tuesday,False
2026-10-28,2026,4,10,October,2026-10-01,44,3,Wednesday,False
2026-10-29,2026,4,10,October,2026-10-01,44,4,Thursday,False
2026-10-30,2026,4,10,October,2026-10-01,44,5,Friday,False
2026-10-31,2026,4,10,October,2026-10-01,44,6,Saturday,True
2026-11-01,2026,4,11,November,2026-11-01,44,7,Sunday,True
2026-11-02,2026,4,11,November,2026-11-01,45,1,Monday,False
2026-11-03,2026,4,11,November,2026-11-01,45,2,Tuesday,False
2026-11-04,2026,4,11,November,2026-11-01,45,3,Wednesday,False
2026-11-05,2026,4,11,November,2026-11-01,45,4,Thursday,False
2026-11-06,2026,4,11,November,2026-11-01,45,5,Friday,False
2026-11-07,2026,4,11,November,2026-11-01,45,6,Saturday,True
2026-11-08,2026,4,11,November,2026-11-01,45,7,Sunday,True
2026-11-09,2026,4,11,November,2026-11-01,46,1,Monday,False
2026-11-10,2026,4,11,November,2026-11-01,46,2,Tuesday,False
2026-11-11,2026,4,11,November,2026-11-01,46,3,Wednesday,False
2026-11-12,2026,4,11,November,2026-11-01,46,4,Thursday,False
2026-11-13,2026,4,11,November,2026-11-01,46,5,Friday,False
2026-11-14,2026,4,11,November,2026-11-01,46,6,Saturday,True
2026-11-15,2026,4,11,November,2026-11-01,46,7,Sunday,True
2026-11-16,2026,4,11,November,2026-11-01,47,1,Monday,False
2026-11-17,2026,4,11,November,2026-11-01,47,2,Tuesday,False
2026-11-18,2026,4,11,November,2026-11-01,47,3,Wednesday,False
2026-11-19,2026,4,11,November,2026-11-01,47,4,Thursday,False
2026-11-20,2026,4,11,November,2026-11-01,47,5,Friday,False
2026-11-21,2026,4,11,November,2026-11-01,47,6,Saturday,True
2026-11-22,2026,4,11,November,2026-11-01,47,7,Sunday,True
2026-11-23,2026,4,11,November,2026-11-01,48,1,Monday,False
2026-11-24,2026,4,11,November,2026-11-01,48,2,Tuesday,False
2026-11-25,2026,4,11,November,2026-11-01,48,3,Wednesday,False
2026-11-26,2026,4,11,November,2026-11-01,48,4,Thursday,False
2026-11-27,2026,4,11,November,2026-11-01,48,5,Friday,False
2026-11-28,2026,4,11,November,2026-11-01,48,6,Saturday,True
2026-11-29,2026,4,11,November,2026-11-01,48,7,Sunday,True
2026-11-30,2026,4,11,November,2026-11-01,49,1,Monday,False
2026-12-01,2026,4,12,December,2026-12-01,49,2,Tuesday,False
2026-12-02,2026,4,12,December,2026-12-01,49,3,Wednesday,False
2026-12-03,2026,4,12,December,2026-12-01,49,4,Thursday,False
2026-12-04,2026,4,12,December,2026-12-01,49,5,Friday,False
2026-12-05,2026,4,12,December,2026-12-01,49,6,Saturday,True
2026-12-06,2026,4,12,December,2026-12-01,49,7,Sunday,True
2026-12-07,2026,4,12,December,2026-12-01,50,1,Monday,False
2026-12-08,2026,4,12,December,2026-12-01,50,2,Tuesday,False
2026-12-09,2026,4,12,December,2026-12-01,50,3,Wednesday,False
2026-12-10,2026,4,12,December,2026-12-01,50,4,Thursday,False
2026-12-11,2026,4,12,December,2026-12-01,50,5,Friday,False
2026-12-12,2026,4,12,December,2026-12-01,50,6,Saturday,True
2026-12-13,2026,4,12,December,2026-12-01,50,7,Sunday,True
2026-12-14,2026,4,12,December,2026-12-01,51,1,Monday,False
2026-12-15,2026,4,12,December,2026-12-01,51,2,Tuesday,False
2026-12-16,2026,4,12,December,2026-12-01,51,3,Wednesday,False
2026-12-17,2026,4,12,December,2026-12-01,51,4,Thursday,False
2026-12-18,2026,4,12,December,2026-12-01,51,5,Friday,False
2026-12-19,2026,4,12,December,2026-12-01,51,6,Saturday,True
2026-12-20,2026,4,12,December,2026-12-01,51,7,Sunday,True
2026-12-21,2026,4,12,December,2026-12-01,52,1,Monday,False
2026-12-22,2026,4,12,December,2026-12-01,52,2,Tuesday,False
2026-12-23,2026,4,12,December,2026-12-01,52,3,Wednesday,False
2026-12-24,2026,4,12,December,2026-12-01,52,4,Thursday,False
2026-12-25,2026,4,12,December,2026-12-01,52,5,Friday,False
2026-12-26,2026,4,12,December,2026-12-01,52,6,Saturday,True
2026-12-27,2026,4,12,December,2026-12-01,52,7,Sunday,True
2026-12-28,2026,4,12,December,2026-12-01,53,1,Monday,False
2026-12-29,2026,4,12,December,2026-12-01,53,2,Tuesday,False
2026-12-30,2026,4,12,December,2026-12-01,53,3,Wednesday,False
2026-12-31,2026,4,12,December,2026-12-01,53,4,Thursday,False
