stage_order,stage_name,event_name,users_reached,stage_conversion_rate,cumulative_conversion_rate,drop_off_rate,median_hours_from_prev_stage,device_type
1,1. Signup,signup,22881,1.0,1.0,0.0,0.0,Desktop
2,2. Activation,onboarding_completed,9971,0.4358,0.4358,0.5642,0.07,Desktop
3,3. Feature Adoption,feature_used,19143,1.9199,0.8366,-0.9199,0.08,Desktop
4,4. Intent Action,intent_action,8159,0.4262,0.3566,0.5738,283.4,Desktop
5,5. Purchase,purchase,4246,0.5204,0.1856,0.4796,0.07,Desktop
1,1. Signup,signup,9725,1.0,1.0,0.0,0.0,Mobile
2,2. Activation,onboarding_completed,4248,0.4368,0.4368,0.5632,0.07,Mobile
3,3. Feature Adoption,feature_used,8117,1.9108,0.8347,-0.9108,0.08,Mobile
4,4. Intent Action,intent_action,3543,0.4365,0.3643,0.5635,284.36,Mobile
5,5. Purchase,purchase,1823,0.5145,0.1875,0.4855,0.07,Mobile
1,1. Signup,signup,2394,1.0,1.0,0.0,0.0,Tablet
2,2. Activation,onboarding_completed,1048,0.4378,0.4378,0.5622,0.07,Tablet
3,3. Feature Adoption,feature_used,1982,1.8912,0.8279,-0.8912,0.08,Tablet
4,4. Intent Action,intent_action,840,0.4238,0.3509,0.5762,290.67,Tablet
5,5. Purchase,purchase,439,0.5226,0.1834,0.4774,0.07,Tablet
