cohort_month,period_month,cohort_size,retained_users,retention_rate
2026-01,0,4535,4535,1.0
2026-01,1,4535,3175,0.7001
2026-01,2,4535,2195,0.484
2026-01,3,4535,1028,0.2267
2026-01,4,4535,333,0.0734
2026-01,5,4535,64,0.0141
2026-01,6,4535,7,0.0015
2026-02,0,4017,4017,1.0
2026-02,1,4017,2907,0.7237
2026-02,2,4017,1885,0.4693
2026-02,3,4017,915,0.2278
2026-02,4,4017,289,0.0719
2026-02,5,4017,60,0.0149
2026-02,6,4017,4,0.001
2026-03,0,4569,4569,1.0
2026-03,1,4569,3193,0.6988
2026-03,2,4569,2090,0.4574
2026-03,3,4569,1005,0.22
2026-03,4,4569,337,0.0738
2026-03,5,4569,49,0.0107
2026-03,6,4569,0,0.0
2026-04,0,4323,4323,1.0
2026-04,1,4323,3110,0.7194
2026-04,2,4323,1939,0.4485
2026-04,3,4323,961,0.2223
2026-04,4,4323,309,0.0715
2026-04,5,4323,0,0.0
2026-04,6,4323,0,0.0
2026-05,0,4504,4504,1.0
2026-05,1,4504,3143,0.6978
2026-05,2,4504,2049,0.4549
2026-05,3,4504,956,0.2123
2026-05,4,4504,0,0.0
2026-05,5,4504,0,0.0
2026-05,6,4504,0,0.0
2026-06,0,4310,4310,1.0
2026-06,1,4310,3053,0.7084
2026-06,2,4310,1926,0.4469
2026-06,3,4310,0,0.0
2026-06,4,4310,0,0.0
2026-06,5,4310,0,0.0
2026-06,6,4310,0,0.0
2026-07,0,4420,4420,1.0
2026-07,1,4420,3088,0.6986
2026-07,2,4420,0,0.0
2026-07,3,4420,0,0.0
2026-07,4,4420,0,0.0
2026-07,5,4420,0,0.0
2026-07,6,4420,0,0.0
2026-08,0,4322,4322,1.0
2026-08,1,4322,0,0.0
2026-08,2,4322,0,0.0
2026-08,3,4322,0,0.0
2026-08,4,4322,0,0.0
2026-08,5,4322,0,0.0
2026-08,6,4322,0,0.0
