date,dau,wau,mau,dau_mau_ratio,total_events,total_sessions,events_per_dau,sessions_per_dau
2026-01-01,148,148,148,1.0,498,157,3.36,1.06
2026-01-02,150,285,285,0.5263,497,153,3.31,1.02
2026-01-03,175,430,430,0.407,545,183,3.11,1.05
2026-01-04,179,575,575,0.3113,610,190,3.41,1.06
2026-01-05,188,694,694,0.2709,633,200,3.37,1.06
2026-01-06,191,831,831,0.2298,598,202,3.13,1.06
2026-01-07,216,964,964,0.2241,737,234,3.41,1.08
2026-01-08,239,1033,1116,0.2142,777,251,3.25,1.05
2026-01-09,256,1109,1253,0.2043,896,279,3.5,1.09
2026-01-10,286,1179,1414,0.2023,963,313,3.37,1.09
2026-01-11,263,1219,1531,0.1718,877,280,3.33,1.06
2026-01-12,292,1287,1685,0.1733,975,301,3.34,1.03
2026-01-13,309,1378,1852,0.1668,1058,326,3.42,1.06
2026-01-14,344,1460,1998,0.1722,1177,365,3.42,1.06
2026-01-15,352,1540,2169,0.1623,1183,370,3.36,1.05
2026-01-16,395,1629,2321,0.1702,1289,414,3.26,1.05
2026-01-17,410,1717,2496,0.1643,1395,443,3.4,1.08
2026-01-18,413,1782,2643,0.1563,1441,448,3.49,1.08
2026-01-19,404,1873,2801,0.1442,1342,436,3.32,1.08
2026-01-20,400,1927,2935,0.1363,1328,427,3.32,1.07
2026-01-21,432,2009,3092,0.1397,1446,458,3.35,1.06
2026-01-22,425,2064,3231,0.1315,1400,447,3.29,1.05
2026-01-23,456,2099,3377,0.135,1483,488,3.25,1.07
2026-01-24,466,2140,3509,0.1328,1547,501,3.32,1.08
2026-01-25,502,2221,3664,0.137,1736,551,3.46,1.1
2026-01-26,537,2294,3816,0.1407,1813,583,3.38,1.09
2026-01-27,528,2364,3951,0.1336,1763,563,3.34,1.07
2026-01-28,531,2429,4091,0.1298,1769,572,3.33,1.08
2026-01-29,556,2529,4244,0.131,1822,596,3.28,1.07
2026-01-30,529,2594,4389,0.1205,1735,571,3.28,1.08
2026-01-31,575,2653,4505,0.1276,1868,603,3.25,1.05
2026-02-01,577,2684,4612,0.1251,1948,628,3.38,1.09
2026-02-02,583,2702,4707,0.1239,1988,632,3.41,1.08
2026-02-03,587,2744,4816,0.1219,1942,628,3.31,1.07
2026-02-04,594,2805,4911,0.121,1989,646,3.35,1.09
2026-02-05,611,2828,5004,0.1221,2065,660,3.38,1.08
2026-02-06,652,2883,5125,0.1272,2130,694,3.27,1.06
2026-02-07,665,2959,5248,0.1267,2222,710,3.34,1.07
2026-02-08,664,3012,5358,0.1239,2224,715,3.35,1.08
2026-02-09,615,3067,5439,0.1131,1972,645,3.21,1.05
2026-02-10,654,3091,5539,0.1181,2167,706,3.31,1.08
2026-02-11,693,3147,5653,0.1226,2295,740,3.31,1.07
2026-02-12,664,3163,5738,0.1157,2289,720,3.45,1.08
2026-02-13,704,3162,5837,0.1206,2363,762,3.36,1.08
2026-02-14,708,3214,5946,0.1191,2372,758,3.35,1.07
2026-02-15,748,3289,6073,0.1232,2471,796,3.3,1.06
2026-02-16,730,3355,6182,0.1181,2414,773,3.31,1.06
2026-02-17,780,3440,6307,0.1237,2636,852,3.38,1.09
2026-02-18,765,3492,6404,0.1195,2521,821,3.3,1.07
2026-02-19,751,3587,6510,0.1154,2483,813,3.31,1.08
2026-02-20,784,3604,6609,0.1186,2605,844,3.32,1.08
2026-02-21,823,3678,6722,0.1224,2737,878,3.33,1.07
2026-02-22,783,3731,6808,0.115,2608,838,3.33,1.07
2026-02-23,802,3799,6919,0.1159,2646,862,3.3,1.07
2026-02-24,826,3795,7001,0.118,2821,890,3.42,1.08
2026-02-25,853,3815,7075,0.1206,2853,910,3.34,1.07
2026-02-26,852,3868,7177,0.1187,2827,917,3.32,1.08
2026-02-27,844,3941,7277,0.116,2837,911,3.36,1.08
2026-02-28,854,3954,7359,0.116,2993,927,3.5,1.09
2026-03-01,865,4016,7421,0.1166,2953,941,3.41,1.09
2026-03-02,830,4078,7501,0.1107,2801,899,3.37,1.08
2026-03-03,970,4151,7599,0.1276,3331,1056,3.43,1.09
2026-03-04,898,4167,7679,0.1169,3029,974,3.37,1.08
2026-03-05,895,4171,7736,0.1157,3031,966,3.39,1.08
2026-03-06,887,4196,7828,0.1133,2980,953,3.36,1.07
2026-03-07,928,4233,7909,0.1173,3115,989,3.36,1.07
2026-03-08,892,4238,7983,0.1117,2995,958,3.36,1.07
2026-03-09,920,4308,8058,0.1142,3025,984,3.29,1.07
2026-03-10,932,4295,8167,0.1141,3098,997,3.32,1.07
2026-03-11,942,4329,8263,0.114,3222,1011,3.42,1.07
2026-03-12,957,4362,8351,0.1146,3263,1034,3.41,1.08
2026-03-13,983,4387,8428,0.1166,3329,1061,3.39,1.08
2026-03-14,913,4398,8515,0.1072,3090,976,3.38,1.07
2026-03-15,887,4391,8584,0.1033,3034,956,3.42,1.08
2026-03-16,954,4441,8658,0.1102,3254,1021,3.41,1.07
2026-03-17,981,4465,8729,0.1124,3352,1057,3.42,1.08
2026-03-18,1010,4503,8818,0.1145,3304,1086,3.27,1.08
2026-03-19,957,4537,8869,0.1079,3296,1042,3.44,1.09
2026-03-20,1063,4535,8918,0.1192,3540,1150,3.33,1.08
2026-03-21,1020,4596,8976,0.1136,3447,1110,3.38,1.09
2026-03-22,1058,4662,9067,0.1167,3530,1149,3.34,1.09
2026-03-23,965,4701,9118,0.1058,3255,1039,3.37,1.08
2026-03-24,964,4710,9163,0.1052,3257,1028,3.38,1.07
2026-03-25,1053,4749,9244,0.1139,3513,1126,3.34,1.07
2026-03-26,1013,4781,9272,0.1093,3383,1087,3.34,1.07
2026-03-27,1014,4767,9326,0.1087,3390,1088,3.34,1.07
2026-03-28,1057,4805,9384,0.1126,3548,1148,3.36,1.09
2026-03-29,1016,4831,9428,0.1078,3475,1108,3.42,1.09
2026-03-30,1025,4865,9509,0.1078,3442,1106,3.36,1.08
2026-03-31,1029,4904,9551,0.1077,3442,1097,3.34,1.07
2026-04-01,1000,4867,9577,0.1044,3386,1080,3.39,1.08
2026-04-02,980,4789,9588,0.1022,3319,1074,3.39,1.1
2026-04-03,1015,4757,9636,0.1053,3404,1107,3.35,1.09
2026-04-04,1032,4741,9634,0.1071,3439,1109,3.33,1.07
2026-04-05,1039,4800,9650,0.1077,3491,1123,3.36,1.08
2026-04-06,1090,4838,9704,0.1123,3663,1186,3.36,1.09
2026-04-07,1048,4866,9745,0.1075,3548,1135,3.39,1.08
2026-04-08,1050,4887,9803,0.1071,3453,1123,3.29,1.07
2026-04-09,1049,4916,9837,0.1066,3498,1132,3.33,1.08
2026-04-10,1072,4948,9859,0.1087,3553,1159,3.31,1.08
2026-04-11,1065,4985,9885,0.1077,3513,1150,3.3,1.08
2026-04-12,1025,4959,9889,0.1037,3554,1122,3.47,1.09
2026-04-13,1070,4959,9929,0.1078,3636,1153,3.4,1.08
2026-04-14,1103,4997,9973,0.1106,3711,1199,3.36,1.09
2026-04-15,1091,5011,10002,0.1091,3621,1163,3.32,1.07
2026-04-16,1027,5025,10054,0.1021,3505,1106,3.41,1.08
2026-04-17,1061,5005,10088,0.1052,3603,1141,3.4,1.08
2026-04-18,1122,5018,10133,0.1107,3785,1204,3.37,1.07
2026-04-19,1105,5063,10170,0.1087,3716,1189,3.36,1.08
2026-04-20,1047,5063,10170,0.1029,3563,1136,3.4,1.09
2026-04-21,1129,5074,10210,0.1106,3766,1213,3.34,1.07
2026-04-22,1069,5118,10276,0.104,3596,1148,3.36,1.07
2026-04-23,1142,5178,10334,0.1105,3801,1224,3.33,1.07
2026-04-24,1051,5167,10326,0.1018,3423,1119,3.26,1.06
2026-04-25,1066,5125,10325,0.1032,3546,1150,3.33,1.08
2026-04-26,1106,5099,10337,0.107,3780,1200,3.42,1.08
2026-04-27,1038,5086,10345,0.1003,3496,1122,3.37,1.08
2026-04-28,1103,5071,10384,0.1062,3693,1183,3.35,1.07
2026-04-29,1009,5059,10398,0.097,3383,1086,3.35,1.08
2026-04-30,1131,5062,10429,0.1084,3918,1236,3.46,1.09
2026-05-01,1042,5097,10454,0.0997,3507,1114,3.37,1.07
2026-05-02,1077,5093,10471,0.1029,3590,1150,3.33,1.07
2026-05-03,1092,5086,10499,0.104,3669,1178,3.36,1.08
2026-05-04,1037,5070,10505,0.0987,3440,1106,3.32,1.07
2026-05-05,1078,5037,10522,0.1025,3604,1168,3.34,1.08
2026-05-06,1048,5042,10519,0.0996,3470,1115,3.31,1.06
2026-05-07,1074,5012,10506,0.1022,3578,1153,3.33,1.07
2026-05-08,1057,5027,10521,0.1005,3572,1148,3.38,1.09
2026-05-09,1110,5109,10531,0.1054,3744,1209,3.37,1.09
2026-05-10,1070,5076,10519,0.1017,3546,1148,3.31,1.07
2026-05-11,1099,5131,10554,0.1041,3696,1184,3.36,1.08
2026-05-12,1082,5142,10553,0.1025,3627,1168,3.35,1.08
2026-05-13,1094,5162,10554,0.1037,3673,1177,3.36,1.08
2026-05-14,1086,5214,10583,0.1026,3566,1162,3.28,1.07
2026-05-15,1097,5184,10596,0.1035,3684,1182,3.36,1.08
2026-05-16,1137,5191,10643,0.1068,3849,1237,3.39,1.09
2026-05-17,1106,5205,10672,0.1036,3707,1187,3.35,1.07
2026-05-18,1097,5195,10690,0.1026,3644,1185,3.32,1.08
2026-05-19,1042,5162,10689,0.0975,3483,1126,3.34,1.08
2026-05-20,1086,5148,10651,0.102,3672,1176,3.38,1.08
2026-05-21,1078,5146,10662,0.1011,3657,1165,3.39,1.08
2026-05-22,1079,5139,10651,0.1013,3591,1171,3.33,1.09
2026-05-23,1088,5116,10668,0.102,3650,1183,3.35,1.09
2026-05-24,1162,5155,10669,0.1089,3818,1238,3.29,1.07
2026-05-25,1092,5133,10698,0.1021,3743,1179,3.43,1.08
2026-05-26,1130,5177,10722,0.1054,3784,1214,3.35,1.07
2026-05-27,1100,5199,10742,0.1024,3725,1178,3.39,1.07
2026-05-28,1091,5184,10755,0.1014,3616,1159,3.31,1.06
2026-05-29,1074,5212,10793,0.0995,3593,1146,3.35,1.07
2026-05-30,1133,5217,10784,0.1051,3776,1220,3.33,1.08
2026-05-31,1130,5163,10788,0.1047,3748,1222,3.32,1.08
2026-06-01,1060,5141,10816,0.098,3524,1121,3.32,1.06
2026-06-02,1099,5171,10818,0.1016,3694,1181,3.36,1.07
2026-06-03,1080,5187,10845,0.0996,3612,1173,3.34,1.09
2026-06-04,1085,5147,10852,0.1,3565,1158,3.29,1.07
2026-06-05,1093,5152,10882,0.1004,3616,1175,3.31,1.08
2026-06-06,1049,5117,10878,0.0964,3489,1127,3.33,1.07
2026-06-07,1156,5153,10878,0.1063,3772,1228,3.26,1.06
2026-06-08,1052,5178,10850,0.097,3506,1144,3.33,1.09
2026-06-09,1085,5187,10840,0.1001,3714,1176,3.42,1.08
2026-06-10,1075,5179,10851,0.0991,3623,1163,3.37,1.08
2026-06-11,1061,5153,10831,0.098,3536,1142,3.33,1.08
2026-06-12,1103,5158,10818,0.102,3675,1175,3.33,1.07
2026-06-13,1099,5152,10842,0.1014,3604,1176,3.28,1.07
2026-06-14,1080,5078,10820,0.0998,3588,1166,3.32,1.08
2026-06-15,1136,5131,10799,0.1052,3806,1226,3.35,1.08
2026-06-16,1010,5105,10789,0.0936,3368,1089,3.33,1.08
2026-06-17,1139,5096,10779,0.1057,3934,1236,3.45,1.09
2026-06-18,1078,5134,10798,0.0998,3658,1157,3.39,1.07
2026-06-19,1046,5107,10782,0.097,3562,1125,3.41,1.08
2026-06-20,1089,5106,10774,0.1011,3643,1173,3.35,1.08
2026-06-21,1084,5109,10800,0.1004,3558,1173,3.28,1.08
2026-06-22,1059,5084,10799,0.0981,3587,1155,3.39,1.09
2026-06-23,1116,5115,10749,0.1038,3701,1199,3.32,1.07
2026-06-24,1103,5088,10735,0.1027,3647,1180,3.31,1.07
2026-06-25,1068,5123,10731,0.0995,3605,1159,3.38,1.09
2026-06-26,1032,5132,10724,0.0962,3525,1124,3.42,1.09
2026-06-27,1077,5133,10715,0.1005,3550,1154,3.3,1.07
2026-06-28,1129,5149,10726,0.1053,3765,1218,3.33,1.08
2026-06-29,1094,5186,10756,0.1017,3705,1178,3.39,1.08
2026-06-30,1090,5192,10750,0.1014,3705,1191,3.4,1.09
2026-07-01,1132,5211,10792,0.1049,3783,1233,3.34,1.09
2026-07-02,1093,5223,10778,0.1014,3771,1174,3.45,1.07
2026-07-03,1100,5243,10794,0.1019,3736,1199,3.4,1.09
2026-07-04,1113,5223,10805,0.103,3682,1189,3.31,1.07
2026-07-05,1104,5213,10800,0.1022,3732,1189,3.38,1.08
2026-07-06,1138,5254,10821,0.1052,3785,1226,3.33,1.08
2026-07-07,1128,5274,10814,0.1043,3774,1219,3.35,1.08
2026-07-08,1071,5252,10813,0.099,3589,1161,3.35,1.08
2026-07-09,1063,5234,10835,0.0981,3515,1146,3.31,1.08
2026-07-10,1149,5286,10839,0.106,3835,1234,3.34,1.07
2026-07-11,1024,5229,10843,0.0944,3472,1112,3.39,1.09
2026-07-12,1040,5175,10825,0.0961,3499,1126,3.36,1.08
2026-07-13,1052,5151,10832,0.0971,3413,1125,3.24,1.07
2026-07-14,1058,5071,10809,0.0979,3545,1134,3.35,1.07
2026-07-15,1106,5076,10792,0.1025,3694,1191,3.34,1.08
2026-07-16,1050,5075,10794,0.0973,3494,1124,3.33,1.07
2026-07-17,1028,4988,10762,0.0955,3462,1103,3.37,1.07
2026-07-18,1041,5021,10753,0.0968,3466,1108,3.33,1.06
2026-07-19,1032,4988,10748,0.096,3445,1106,3.34,1.07
2026-07-20,1082,4994,10760,0.1006,3593,1147,3.32,1.06
2026-07-21,1092,5016,10762,0.1015,3670,1173,3.36,1.07
2026-07-22,1007,4982,10753,0.0936,3455,1084,3.43,1.08
2026-07-23,1053,5009,10740,0.098,3551,1141,3.37,1.08
2026-07-24,1070,5052,10729,0.0997,3583,1146,3.35,1.07
2026-07-25,1114,5078,10742,0.1037,3671,1194,3.3,1.07
2026-07-26,1104,5117,10744,0.1028,3785,1180,3.43,1.07
2026-07-27,1052,5083,10758,0.0978,3443,1137,3.27,1.08
2026-07-28,1108,5071,10743,0.1031,3653,1171,3.3,1.06
2026-07-29,1106,5110,10752,0.1029,3627,1183,3.28,1.07
2026-07-30,1067,5137,10746,0.0993,3543,1154,3.32,1.08
2026-07-31,1037,5147,10686,0.097,3457,1129,3.33,1.09
2026-08-01,979,5070,10665,0.0918,3313,1062,3.38,1.08
2026-08-02,1072,5061,10657,0.1006,3565,1142,3.33,1.07
2026-08-03,1082,5062,10653,0.1016,3569,1164,3.3,1.08
2026-08-04,1109,5070,10676,0.1039,3693,1194,3.33,1.08
2026-08-05,1021,5035,10660,0.0958,3430,1094,3.36,1.07
2026-08-06,1073,5033,10648,0.1008,3542,1144,3.3,1.07
2026-08-07,1040,5058,10646,0.0977,3473,1107,3.34,1.06
2026-08-08,1091,5127,10668,0.1023,3669,1175,3.36,1.08
2026-08-09,1091,5159,10659,0.1024,3600,1159,3.3,1.06
2026-08-10,1071,5104,10656,0.1005,3588,1153,3.35,1.08
2026-08-11,1073,5051,10661,0.1006,3558,1143,3.32,1.07
2026-08-12,1041,5067,10647,0.0978,3498,1119,3.36,1.07
2026-08-13,1087,5074,10662,0.102,3548,1163,3.26,1.07
2026-08-14,1142,5139,10678,0.1069,3841,1227,3.36,1.07
2026-08-15,1076,5139,10710,0.1005,3660,1157,3.4,1.08
2026-08-16,1104,5133,10718,0.103,3610,1170,3.27,1.06
2026-08-17,1066,5123,10735,0.0993,3568,1155,3.35,1.08
2026-08-18,1122,5147,10704,0.1048,3799,1214,3.39,1.08
2026-08-19,1062,5191,10693,0.0993,3552,1154,3.34,1.09
2026-08-20,1083,5167,10703,0.1012,3645,1173,3.37,1.08
2026-08-21,1078,5120,10701,0.1007,3660,1154,3.4,1.07
2026-08-22,1058,5123,10714,0.0987,3523,1136,3.33,1.07
2026-08-23,1035,5070,10695,0.0968,3437,1122,3.32,1.08
2026-08-24,1092,5077,10683,0.1022,3689,1175,3.38,1.08
2026-08-25,1066,5073,10686,0.0998,3549,1142,3.33,1.07
2026-08-26,1085,5068,10670,0.1017,3697,1179,3.41,1.09
2026-08-27,1074,5057,10668,0.1007,3613,1144,3.36,1.07
2026-08-28,1041,5024,10643,0.0978,3535,1128,3.4,1.08
2026-08-29,1075,5035,10621,0.1012,3527,1148,3.28,1.07
2026-08-30,1048,5064,10655,0.0984,3499,1122,3.34,1.07
2026-08-31,5,4578,10506,0.0005,10,5,2.0,1.0
