segment_dimension,segment_value,control_n,treatment_n,control_rate,treatment_rate,absolute_lift,relative_lift_pct,ci_lower,ci_upper,p_value,statistically_significant,experiment_id
device_type,Desktop,2161,2145,0.4202,0.4503,0.0302,7.18,0.00057,0.05978,0.04584342140517261,True,EXP-2026-01
device_type,Mobile,880,924,0.4273,0.4632,0.0359,8.41,-0.00992,0.08178,0.12484869259853482,False,EXP-2026-01
device_type,Tablet,196,229,0.4184,0.4454,0.027,6.47,-0.06736,0.12146,0.5748089136335404,False,EXP-2026-01
device_type,Desktop,944,955,0.6758,0.7173,0.0414,6.13,0.00011,0.08275,0.04956536395431921,True,EXP-2026-02
device_type,Mobile,403,441,0.6849,0.7098,0.0249,3.63,-0.03718,0.08695,0.4315853514640393,False,EXP-2026-02
device_type,Tablet,106,92,0.6509,0.8043,0.1534,23.57,0.03173,0.27508,0.016233104872830362,True,EXP-2026-02
device_type,Desktop,4165,4255,0.3066,0.291,-0.0157,-5.1,-0.0352,0.0039,0.11669127151816738,False,EXP-2026-03
device_type,Mobile,1758,1788,0.314,0.3166,0.0026,0.82,-0.02802,0.03315,0.8696149032948894,False,EXP-2026-03
device_type,Tablet,460,414,0.2957,0.3237,0.028,9.48,-0.03338,0.08942,0.37071100320227135,False,EXP-2026-03
